request_id,amount_safe_to_pay,affordability_status,recommended_payment_method,payment_plan,earliest_date_for_full_payment,spending_changes_needed,decision_explanation
request_26,13809621.08,not_affordable,not_recommended,none,,none,Do not make this payment. None of the available options keeps the IDR 24768300 minimum protected.
request_27,6670,affordable_now,full_payment,2026-07-05:6670,2026-07-05,none,Pay ZAR 6670 today. This keeps the ZAR 20500 minimum protected over the next 90 days.
request_28,287.47,affordable_later,wait,2024-08-15:1302.40,2024-08-15,none,Pay EUR 1302.40 today. This keeps the EUR 1100 minimum protected over the next 90 days.
request_29,351.29,not_affordable,not_recommended,none,,none,Do not make this payment. None of the available options keeps the ZAR 28300 minimum protected.
request_30,775.20,affordable_with_plan,installments,2026-04-06:268.74|2026-05-06:268.74|2026-06-05:268.74,2026-04-06,none,Pay USD 775.20 today. This keeps the USD 900 minimum protected over the next 90 days.
request_31,4063611.74,affordable_later,wait,2024-11-15:18164000,2024-11-15,none,Pay IDR 18164000 today. This keeps the IDR 16588900 minimum protected over the next 90 days.
request_32,12989.52,not_affordable,not_recommended,none,,none,Do not make this payment. None of the available options keeps the ZAR 35700 minimum protected.
request_33,33494.83,not_affordable,not_recommended,none,,none,Do not make this payment. None of the available options keeps the INR 102100 minimum protected.
request_34,129400,affordable_now,full_payment,2024-12-04:129400,2024-12-04,none,Pay INR 129400 today. This keeps the INR 138500 minimum protected over the next 90 days.
request_35,37035.84,affordable_later,wait,2026-01-15:212000,2026-01-15,none,Pay INR 212000 today. This keeps the INR 106400 minimum protected over the next 90 days.
request_36,719.62,affordable_later,wait,2026-09-15:3954,2026-09-15,none,Pay USD 3954 today. This keeps the USD 2400 minimum protected over the next 90 days.
request_37,4144596.05,not_affordable,not_recommended,none,,none,Do not make this payment. None of the available options keeps the IDR 17056200 minimum protected.
request_38,214.16,affordable_later,wait,2025-10-15:971.30,2025-10-15,none,Pay EUR 971.30 today. This keeps the EUR 400 minimum protected over the next 90 days.
request_39,66437.08,affordable_later,wait,2026-06-15:208600,2026-06-15,none,Pay INR 208600 today. This keeps the INR 213400 minimum protected over the next 90 days.
request_40,369.69,affordable_later,wait,2024-08-15:1290.30,2024-08-15,none,Pay EUR 1290.30 today. This keeps the EUR 1500 minimum protected over the next 90 days.
request_41,9317231.86,affordable_later,wait,2026-01-15:38760000,2026-01-15,none,Pay IDR 38760000 today. This keeps the IDR 25366600 minimum protected over the next 90 days.
request_42,52100,affordable_now,full_payment,2026-01-05:52100,2026-01-05,none,Pay INR 52100 today. This keeps the INR 113100 minimum protected over the next 90 days.
request_43,8474427.08,affordable_later,wait,2024-11-15:43339000,2024-11-15,none,Pay IDR 43339000 today. This keeps the IDR 21398000 minimum protected over the next 90 days.
request_44,34167.50,affordable_later,wait,2025-04-15:95800,2025-04-15,none,Pay INR 95800 today. This keeps the INR 82900 minimum protected over the next 90 days.
request_45,4902567.15,affordable_later,wait,2026-09-15:21983000,2026-09-15,none,Pay IDR 21983000 today. This keeps the IDR 11149800 minimum protected over the next 90 days.
request_46,32830.15,affordable_with_plan,partial_payment,2024-12-03:32830.15|2024-12-15:16619.85,2024-12-15,none,Pay INR 49450 today. This keeps the INR 84000 minimum protected over the next 90 days.
request_47,3374606.48,not_affordable,not_recommended,none,,none,Do not make this payment. None of the available options keeps the IDR 30049000 minimum protected.
request_48,45700,affordable_now,full_payment,2026-07-25:45700,2026-07-25,none,Pay INR 45700 today. This keeps the INR 71300 minimum protected over the next 90 days.
request_49,13743636.12,not_affordable,not_recommended,none,,none,Do not make this payment. None of the available options keeps the IDR 20275700 minimum protected.
request_50,43067.09,affordable_with_plan,full_payment,2025-08-06:43900,2025-10-15,reduce_to:event_4680:1928,Pay INR 43900 today with spending change reduce_to:event_4680:1928. This keeps the INR 99700 minimum protected.
request_51,2191000,affordable_now,full_payment,2026-01-03:2191000,2026-01-03,none,Pay IDR 2191000 today. This keeps the IDR 7811000 minimum protected over the next 90 days.
request_52,18617.34,affordable_later,wait,2024-06-15:28870,2024-06-15,none,Pay INR 28870 today. This keeps the INR 41500 minimum protected over the next 90 days.
request_53,507.01,not_affordable,not_recommended,none,,none,Do not make this payment. None of the available options keeps the USD 2100 minimum protected.
request_54,2465.44,not_affordable,not_recommended,none,,none,Do not make this payment. None of the available options keeps the ZAR 37000 minimum protected.
request_55,136906.22,affordable_with_plan,installments,2026-06-11:75781.33|2026-07-12:75781.33|2026-08-12:75781.33,2026-07-15,none,Pay INR 218600 today. This keeps the INR 124300 minimum protected over the next 90 days.
request_56,733.81,affordable_with_plan,partial_payment,2025-02-03:733.81|2025-02-15:147.75,2025-02-15,none,Pay USD 881.56 today. This keeps the USD 2100 minimum protected over the next 90 days.
request_57,13019.32,affordable_later,wait,2026-06-15:61446,2026-06-15,none,Pay ZAR 61446 today. This keeps the ZAR 42700 minimum protected over the next 90 days.
request_58,16226000,affordable_now,full_payment,2024-12-07:16226000,2024-12-07,none,Pay IDR 16226000 today. This keeps the IDR 14433900 minimum protected over the next 90 days.
request_59,140600,not_affordable,not_recommended,none,,none,Do not make this payment. None of the available options keeps the INR 132600 minimum protected.
request_60,132.88,affordable_later,wait,2026-02-15:199.89,2026-02-15,none,Pay USD 199.89 today. This keeps the USD 400 minimum protected over the next 90 days.
request_61,29062,affordable_with_plan,installments,2024-03-17:10074.83|2024-04-17:10074.83|2024-05-18:10074.83,2024-03-03,none,Pay ZAR 29062 today. This keeps the ZAR 36700 minimum protected over the next 90 days.
request_62,404.23,affordable_now,full_payment,2025-08-05:404.23,2025-08-05,none,Pay USD 404.23 today. This keeps the USD 1300 minimum protected over the next 90 days.
request_63,50404.82,not_affordable,not_recommended,none,,none,Do not make this payment. None of the available options keeps the INR 153500 minimum protected.
request_64,0,not_affordable,not_recommended,none,,none,Do not make this payment. None of the available options keeps the INR 36100 minimum protected.
request_65,5830.08,not_affordable,not_recommended,none,,none,Do not make this payment. None of the available options keeps the ZAR 15500 minimum protected.
request_66,22200,affordable_now,full_payment,2026-04-03:22200,2026-04-03,none,Pay INR 22200 today. This keeps the INR 80700 minimum protected over the next 90 days.
request_67,409.83,affordable_later,wait,2024-11-15:2094,2024-11-15,none,Pay USD 2094 today. This keeps the USD 1200 minimum protected over the next 90 days.
request_68,1240.17,affordable_with_plan,installments,2025-02-14:725.09|2025-03-14:725.09|2025-04-11:725.09,2025-03-15,none,Pay USD 2091.60 today. This keeps the USD 1500 minimum protected over the next 90 days.
request_69,529.10,affordable_now,full_payment,2026-01-04:529.10,2026-01-04,none,Pay EUR 529.10 today. This keeps the EUR 700 minimum protected over the next 90 days.
request_70,49650.97,affordable_later,wait,2025-02-15:243900,2025-02-15,none,Pay INR 243900 today. This keeps the INR 115000 minimum protected over the next 90 days.
request_71,1203884.20,not_affordable,not_recommended,none,,none,Do not make this payment. None of the available options keeps the IDR 8884800 minimum protected.
request_72,11330,affordable_now,full_payment,2026-07-05:11330,2026-07-05,none,Pay ZAR 11330 today. This keeps the ZAR 12200 minimum protected over the next 90 days.
request_73,69711.50,affordable_with_plan,full_payment,2023-01-20:71400,2023-02-15,stop:event_6790|reduce_to:event_6789:1425,Pay INR 71400 today with spending change stop:event_6790|reduce_to:event_6789:1425. This keeps the INR 103200 minimum protected.
request_74,5010,affordable_now,full_payment,2025-08-04:5010,2025-08-04,none,Pay ZAR 5010 today. This keeps the ZAR 21900 minimum protected over the next 90 days.
request_75,10955.06,not_affordable,not_recommended,none,,none,Do not make this payment. None of the available options keeps the ZAR 39000 minimum protected.
request_76,278.24,not_affordable,not_recommended,none,,none,Do not make this payment. None of the available options keeps the USD 1800 minimum protected.
request_77,60700,affordable_now,full_payment,2025-11-05:60700,2025-11-05,none,Pay INR 60700 today. This keeps the INR 82200 minimum protected over the next 90 days.
request_78,46996.03,not_affordable,not_recommended,none,,none,Do not make this payment. None of the available options keeps the INR 55200 minimum protected.
request_79,336.59,not_affordable,not_recommended,none,,none,Do not make this payment. None of the available options keeps the EUR 1000 minimum protected.
request_80,0,not_affordable,not_recommended,none,,none,Do not make this payment. None of the available options keeps the INR 121300 minimum protected.
request_81,2052.09,affordable_with_plan,full_payment,2026-07-03:2076,2026-09-15,reduce_to:event_7636:37.50,Pay USD 2076 today with spending change reduce_to:event_7636:37.50. This keeps the USD 1600 minimum protected.
request_82,337.84,affordable_later,wait,2025-02-15:1405.20,2025-02-15,none,Pay USD 1405.20 today. This keeps the USD 1100 minimum protected over the next 90 days.
request_83,9413.02,not_affordable,not_recommended,none,,none,Do not make this payment. None of the available options keeps the INR 37800 minimum protected.
request_84,25846.57,affordable_later,wait,2026-06-15:95400,2026-06-15,none,Pay INR 95400 today. This keeps the INR 91300 minimum protected over the next 90 days.
request_85,679966.23,not_affordable,not_recommended,none,,none,Do not make this payment. None of the available options keeps the IDR 6396300 minimum protected.
request_86,45971.23,affordable_with_plan,full_payment,2025-08-03:46300,2025-08-23,reduce_to:event_8084:2360,Pay INR 46300 today with spending change reduce_to:event_8084:2360. This keeps the INR 84900 minimum protected.
request_87,15877.29,not_affordable,not_recommended,none,,none,Do not make this payment. None of the available options keeps the INR 185900 minimum protected.
request_88,10577.15,affordable_with_plan,installments,2024-06-14:9045.23|2024-07-15:9045.23|2024-08-15:9045.23,2024-07-15,none,Pay ZAR 26092 today. This keeps the ZAR 25800 minimum protected over the next 90 days.
request_89,8893664.47,not_affordable,not_recommended,none,,none,Do not make this payment. None of the available options keeps the IDR 12534700 minimum protected.
request_90,2560,affordable_now,full_payment,2026-07-06:2560,2026-07-06,none,Pay ZAR 2560 today. This keeps the ZAR 7600 minimum protected over the next 90 days.
request_91,582.22,affordable_later,wait,2024-11-15:1927.20,2024-11-15,none,Pay EUR 1927.20 today. This keeps the EUR 2100 minimum protected over the next 90 days.
request_92,34034,affordable_now,full_payment,2025-02-05:34034,2025-02-05,none,Pay ZAR 34034 today. This keeps the ZAR 28100 minimum protected over the next 90 days.
request_93,1729.20,affordable_now,full_payment,2026-04-07:1729.20,2026-04-07,none,Pay USD 1729.20 today. This keeps the USD 1900 minimum protected over the next 90 days.
request_94,572,affordable_now,full_payment,2024-12-04:572,2024-12-04,none,Pay EUR 572 today. This keeps the EUR 600 minimum protected over the next 90 days.
request_95,13746.22,not_affordable,not_recommended,none,,none,Do not make this payment. None of the available options keeps the INR 145500 minimum protected.
request_96,77169.23,affordable_with_plan,installments,2026-01-10:31269.33|2026-02-09:31269.33|2026-03-11:31269.33,2026-02-15,none,Pay INR 90200 today. This keeps the INR 56500 minimum protected over the next 90 days.
request_97,2794.63,affordable_with_plan,installments,2024-03-19:8145.28|2024-04-19:8145.28|2024-05-20:8145.28,2024-04-15,none,Pay ZAR 23496 today. This keeps the ZAR 29700 minimum protected over the next 90 days.
request_98,8393.58,affordable_later,wait,2025-10-15:27148,2025-10-15,none,Pay ZAR 27148 today. This keeps the ZAR 30000 minimum protected over the next 90 days.
request_99,18062,affordable_now,full_payment,2026-07-04:18062,2026-07-04,none,Pay ZAR 18062 today. This keeps the ZAR 49100 minimum protected over the next 90 days.
request_100,24794.58,not_affordable,not_recommended,none,,none,Do not make this payment. None of the available options keeps the ZAR 32500 minimum protected.
request_101,143500,affordable_now,full_payment,2025-11-03:143500,2025-11-03,none,Pay INR 143500 today. This keeps the INR 187400 minimum protected over the next 90 days.
request_102,1716,affordable_with_plan,installments,2026-04-05:594.88|2026-05-05:594.88|2026-06-04:594.88,2026-04-05,none,Pay EUR 1716 today. This keeps the EUR 900 minimum protected over the next 90 days.
request_103,17929.47,not_affordable,not_recommended,none,,none,Do not make this payment. None of the available options keeps the INR 125500 minimum protected.
request_104,9141.26,not_affordable,not_recommended,none,,none,Do not make this payment. None of the available options keeps the ZAR 24700 minimum protected.
request_105,53500,affordable_now,full_payment,2026-06-08:53500,2026-06-08,none,Pay INR 53500 today. This keeps the INR 73900 minimum protected over the next 90 days.
request_106,481.14,affordable_later,wait,2024-12-15:2207.70,2024-12-15,none,Pay EUR 2207.70 today. This keeps the EUR 1200 minimum protected over the next 90 days.
request_107,0,not_affordable,not_recommended,none,,none,Do not make this payment. None of the available options keeps the EUR 1600 minimum protected.
request_108,2469.68,not_affordable,not_recommended,none,,none,Do not make this payment. None of the available options keeps the ZAR 24100 minimum protected.
request_109,594.14,not_affordable,not_recommended,none,,none,Do not make this payment. None of the available options keeps the EUR 1700 minimum protected.
request_110,22352,affordable_with_plan,installments,2025-08-06:7748.69|2025-09-03:7748.69|2025-10-01:7748.69,2025-08-06,none,Pay ZAR 22352 today. This keeps the ZAR 11200 minimum protected over the next 90 days.
request_111,16484583.47,affordable_with_plan,full_payment,2026-04-03:16625000,,reduce_to:event_10300:335350,Pay IDR 16625000 today with spending change reduce_to:event_10300:335350. This keeps the IDR 23022800 minimum protected.
request_112,271.70,affordable_now,full_payment,2024-06-05:271.70,2024-06-05,none,Pay EUR 271.70 today. This keeps the EUR 500 minimum protected over the next 90 days.
request_113,27602.39,affordable_later,wait,2026-09-15:36500,2026-09-15,none,Pay INR 36500 today. This keeps the INR 82300 minimum protected over the next 90 days.
request_114,65156.43,affordable_with_plan,full_payment,2026-01-04:65300,2026-01-15,reduce_to:event_10561:1890,Pay INR 65300 today with spending change reduce_to:event_10561:1890. This keeps the INR 113400 minimum protected.
request_115,14315.19,affordable_later,wait,2024-11-15:80500,2024-11-15,none,Pay INR 80500 today. This keeps the INR 38800 minimum protected over the next 90 days.
request_116,14427.31,not_affordable,not_recommended,none,,none,Do not make this payment. None of the available options keeps the INR 80300 minimum protected.
request_117,880,affordable_now,full_payment,2026-07-05:880,2026-07-05,none,Pay EUR 880 today. This keeps the EUR 1000 minimum protected over the next 90 days.
request_118,655.66,not_affordable,not_recommended,none,,none,Do not make this payment. None of the available options keeps the EUR 600 minimum protected.
request_119,57278.59,not_affordable,not_recommended,none,,none,Do not make this payment. None of the available options keeps the INR 151200 minimum protected.
request_120,7714000,affordable_now,full_payment,2026-04-06:7714000,2026-04-06,none,Pay IDR 7714000 today. This keeps the IDR 20050300 minimum protected over the next 90 days.
request_121,633.60,affordable_now,full_payment,2024-03-03:633.60,2024-03-03,none,Pay USD 633.60 today. This keeps the USD 800 minimum protected over the next 90 days.
request_122,17335017.16,not_affordable,not_recommended,none,,none,Do not make this payment. None of the available options keeps the IDR 12588500 minimum protected.
request_123,0,not_affordable,not_recommended,none,,none,Do not make this payment. None of the available options keeps the IDR 18091200 minimum protected.
request_124,1340.33,not_affordable,not_recommended,none,,none,Do not make this payment. None of the available options keeps the EUR 1600 minimum protected.
request_125,6468,affordable_now,full_payment,2025-11-06:6468,2025-11-06,none,Pay ZAR 6468 today. This keeps the ZAR 11300 minimum protected over the next 90 days.
request_126,159600,affordable_now,full_payment,2026-07-03:159600,2026-07-03,none,Pay INR 159600 today. This keeps the INR 129700 minimum protected over the next 90 days.
request_127,10228.60,affordable_later,wait,2024-10-15:23980,2024-10-15,none,Pay ZAR 23980 today. This keeps the ZAR 41000 minimum protected over the next 90 days.
request_128,25168,affordable_now,full_payment,2025-02-07:25168,2025-02-07,none,Pay ZAR 25168 today. This keeps the ZAR 42600 minimum protected over the next 90 days.
request_129,151.53,not_affordable,not_recommended,none,,none,Do not make this payment. None of the available options keeps the USD 800 minimum protected.
request_130,434.18,affordable_later,wait,2025-01-15:1978.80,2025-01-15,none,Pay USD 1978.80 today. This keeps the USD 1400 minimum protected over the next 90 days.
request_131,1129.81,affordable_with_plan,installments,2025-05-06:643.14|2025-06-03:643.14|2025-07-01:643.14,2025-06-15,none,Pay USD 1855.20 today. This keeps the USD 1100 minimum protected over the next 90 days.
request_132,293.84,affordable_later,wait,2026-01-15:379.86,2026-01-15,none,Pay USD 379.86 today. This keeps the USD 1100 minimum protected over the next 90 days.
request_133,0,not_affordable,not_recommended,none,,none,Do not make this payment. None of the available options keeps the IDR 9986200 minimum protected.
request_134,5357660.28,affordable_later,wait,2025-10-15:21831000,2025-10-15,none,Pay IDR 21831000 today. This keeps the IDR 15902500 minimum protected over the next 90 days.
request_135,304.80,affordable_now,full_payment,2026-07-06:304.80,2026-07-06,none,Pay USD 304.80 today. This keeps the USD 500 minimum protected over the next 90 days.
request_136,560.40,affordable_now,full_payment,2024-06-03:560.40,2024-06-03,none,Pay USD 560.40 today. This keeps the USD 1100 minimum protected over the next 90 days.
request_137,29804.29,not_affordable,not_recommended,none,,none,Do not make this payment. None of the available options keeps the INR 71800 minimum protected.
request_138,1065.87,affordable_with_plan,partial_payment,2026-04-07:1065.87|2026-04-15:191.07,2026-04-15,none,Pay EUR 1256.94 today. This keeps the EUR 2300 minimum protected over the next 90 days.
request_139,1400.90,not_affordable,not_recommended,none,,none,Do not make this payment. None of the available options keeps the USD 1500 minimum protected.
request_140,1616.97,not_affordable,not_recommended,none,,none,Do not make this payment. None of the available options keeps the ZAR 21600 minimum protected.
request_141,25826.83,not_affordable,not_recommended,none,,none,Do not make this payment. None of the available options keeps the INR 67300 minimum protected.
request_142,1263.60,affordable_now,full_payment,2024-12-05:1263.60,2024-12-05,none,Pay USD 1263.60 today. This keeps the USD 1700 minimum protected over the next 90 days.
request_143,3348.94,affordable_later,wait,2025-07-15:12584,2025-07-15,none,Pay ZAR 12584 today. This keeps the ZAR 11300 minimum protected over the next 90 days.
request_144,233.34,affordable_now,full_payment,2026-07-04:233.34,2026-07-04,none,Pay USD 233.34 today. This keeps the USD 600 minimum protected over the next 90 days.
request_145,50883.07,not_affordable,not_recommended,none,,none,Do not make this payment. None of the available options keeps the INR 155400 minimum protected.
request_146,25109.86,not_affordable,not_recommended,none,,none,Do not make this payment. None of the available options keeps the INR 108600 minimum protected.
request_147,503.16,affordable_with_plan,installments,2026-04-08:391.63|2026-05-08:391.63|2026-06-07:391.63,2026-05-15,none,Pay EUR 1129.70 today. This keeps the EUR 900 minimum protected over the next 90 days.
request_148,7172.24,not_affordable,not_recommended,none,,none,Do not make this payment. None of the available options keeps the ZAR 20000 minimum protected.
request_149,26593.28,affordable_with_plan,installments,2025-11-18:12706.03|2025-12-16:12706.03|2026-01-13:12706.03,2025-12-15,none,Pay ZAR 36652 today. This keeps the ZAR 42100 minimum protected over the next 90 days.
request_150,293.20,not_affordable,not_recommended,none,,none,Do not make this payment. None of the available options keeps the EUR 700 minimum protected.
request_151,26999000,affordable_now,full_payment,2024-09-03:26999000,2024-09-03,none,Pay IDR 26999000 today. This keeps the IDR 31633600 minimum protected over the next 90 days.
request_152,10973.61,not_affordable,not_recommended,none,,none,Do not make this payment. None of the available options keeps the ZAR 11900 minimum protected.
request_153,140.07,not_affordable,not_recommended,none,,none,Do not make this payment. None of the available options keeps the USD 1400 minimum protected.
request_154,1625.80,affordable_with_plan,installments,2024-12-04:563.61|2025-01-04:563.61|2025-02-04:563.61,2024-12-04,none,Pay EUR 1625.80 today. This keeps the EUR 1300 minimum protected over the next 90 days.
request_155,112500,affordable_now,full_payment,2025-05-06:112500,2025-05-06,none,Pay INR 112500 today. This keeps the INR 56300 minimum protected over the next 90 days.
request_156,9219.35,affordable_later,wait,2026-06-15:43076,2026-06-15,none,Pay ZAR 43076 today. This keeps the ZAR 26900 minimum protected over the next 90 days.
request_157,4671870.61,affordable_later,wait,2024-05-15:23503000,2024-05-15,none,Pay IDR 23503000 today. This keeps the IDR 15714100 minimum protected over the next 90 days.
request_158,199006.35,not_affordable,not_recommended,none,,none,Do not make this payment. None of the available options keeps the INR 131400 minimum protected.
request_159,0,not_affordable,not_recommended,none,,none,Do not make this payment. None of the available options keeps the ZAR 8700 minimum protected.
request_160,567.15,affordable_with_plan,installments,2024-06-13:432.05|2024-07-14:432.05|2024-08-14:432.05,2024-06-15,none,Pay EUR 1246.30 today. This keeps the EUR 1200 minimum protected over the next 90 days.
request_161,7334204.65,affordable_later,wait,2026-01-15:21204000,2026-01-15,none,Pay IDR 21204000 today. This keeps the IDR 23010400 minimum protected over the next 90 days.
request_162,2703437.09,not_affordable,not_recommended,none,,none,Do not make this payment. None of the available options keeps the IDR 24161100 minimum protected.
request_163,11884876.14,affordable_with_plan,installments,2024-09-10:6692053.33|2024-10-11:6692053.33|2024-11-11:6692053.33,2024-10-15,none,Pay IDR 19304000 today. This keeps the IDR 26728700 minimum protected over the next 90 days.
request_164,27018000,affordable_with_plan,installments,2025-02-11:9366240|2025-03-11:9366240|2025-04-08:9366240,2025-02-04,none,Pay IDR 27018000 today. This keeps the IDR 29550500 minimum protected over the next 90 days.
request_165,70597.77,affordable_with_plan,full_payment,2026-04-06:80600,,reduce_to:event_15168:1875|reduce_to:event_15172:1875,Pay INR 80600 today with spending change reduce_to:event_15168:1875|reduce_to:event_15172:1875. This keeps the INR 95000 minimum protected.
request_166,2907.60,affordable_with_plan,installments,2024-12-03:1007.97|2025-01-03:1007.97|2025-02-03:1007.97,2024-12-03,none,Pay USD 2907.60 today. This keeps the USD 1700 minimum protected over the next 90 days.
request_167,43802,affordable_now,full_payment,2025-05-05:43802,2025-05-05,none,Pay ZAR 43802 today. This keeps the ZAR 31200 minimum protected over the next 90 days.
request_168,36056.32,affordable_with_plan,partial_payment,2026-01-07:36056.32|2026-02-15:13323.68,2026-02-15,none,Pay INR 49380 today. This keeps the INR 114400 minimum protected over the next 90 days.
request_169,41976,affordable_now,full_payment,2024-03-04:41976,2024-03-04,none,Pay ZAR 41976 today. This keeps the ZAR 18700 minimum protected over the next 90 days.
request_170,32206070.04,affordable_with_plan,installments,2025-08-06:12804480|2025-09-03:12804480|2025-10-01:12804480,2025-09-15,none,Pay IDR 36936000 today. This keeps the IDR 24715800 minimum protected over the next 90 days.
request_171,65.29,not_affordable,not_recommended,none,,none,Do not make this payment. None of the available options keeps the EUR 500 minimum protected.
request_172,10200,affordable_with_plan,installments,2024-06-05:5304|2024-07-03:5304,2024-06-05,none,Pay ZAR 10200 today. This keeps the ZAR 27200 minimum protected over the next 90 days.
request_173,59631.47,affordable_with_plan,installments,2025-11-21:39173.33|2025-12-19:39173.33|2026-01-16:39173.33,2026-01-15,none,Pay INR 113000 today. This keeps the INR 79100 minimum protected over the next 90 days.
request_174,1042.52,not_affordable,not_recommended,none,,none,Do not make this payment. None of the available options keeps the EUR 700 minimum protected.
request_175,2346.30,affordable_now,full_payment,2024-09-06:2346.30,2024-09-06,none,Pay EUR 2346.30 today. This keeps the EUR 1700 minimum protected over the next 90 days.
request_176,151.91,not_affordable,not_recommended,none,,none,Do not make this payment. None of the available options keeps the EUR 600 minimum protected.
request_177,1017.60,affordable_now,full_payment,2026-01-05:1017.60,2026-01-05,none,Pay USD 1017.60 today. This keeps the USD 1300 minimum protected over the next 90 days.
request_178,2938.10,affordable_with_plan,installments,2024-12-07:1018.54|2025-01-07:1018.54|2025-02-07:1018.54,2024-12-07,none,Pay EUR 2938.10 today. This keeps the EUR 1400 minimum protected over the next 90 days.
request_179,8813069.02,affordable_later,wait,2025-07-15:41648000,2025-07-15,none,Pay IDR 41648000 today. This keeps the IDR 41430800 minimum protected over the next 90 days.
request_180,66500,affordable_now,full_payment,2026-07-06:66500,2026-07-06,none,Pay INR 66500 today. This keeps the INR 37300 minimum protected over the next 90 days.
request_181,285.18,not_affordable,not_recommended,none,,none,Do not make this payment. None of the available options keeps the USD 2000 minimum protected.
request_182,65714,affordable_now,full_payment,2025-08-05:65714,2025-08-05,none,Pay ZAR 65714 today. This keeps the ZAR 31100 minimum protected over the next 90 days.
request_183,24262828.32,affordable_with_plan,installments,2026-04-10:9313546.67|2026-05-10:9313546.67|2026-06-09:9313546.67,2026-05-15,none,Pay IDR 26866000 today. This keeps the IDR 11878300 minimum protected over the next 90 days.
request_184,10095.10,not_affordable,not_recommended,none,,none,Do not make this payment. None of the available options keeps the INR 110800 minimum protected.
request_185,368.81,not_affordable,not_recommended,none,,none,Do not make this payment. None of the available options keeps the EUR 1300 minimum protected.
request_186,4775.68,affordable_later,wait,2026-03-15:26554,2026-03-15,none,Pay ZAR 26554 today. This keeps the ZAR 22000 minimum protected over the next 90 days.
request_187,35453.08,affordable_later,wait,2024-09-15:187500,2024-09-15,none,Pay INR 187500 today. This keeps the INR 128300 minimum protected over the next 90 days.
request_188,122.22,not_affordable,not_recommended,none,,none,Do not make this payment. None of the available options keeps the EUR 900 minimum protected.
request_189,488.40,affordable_now,full_payment,2026-07-04:488.40,2026-07-04,none,Pay EUR 488.40 today. This keeps the EUR 400 minimum protected over the next 90 days.
request_190,743.43,affordable_later,wait,2025-02-15:2557.50,2025-02-15,none,Pay EUR 2557.50 today. This keeps the EUR 1600 minimum protected over the next 90 days.
request_191,664.40,affordable_now,full_payment,2025-05-03:664.40,2025-05-03,none,Pay EUR 664.40 today. This keeps the EUR 500 minimum protected over the next 90 days.
request_192,114.32,not_affordable,not_recommended,none,,none,Do not make this payment. None of the available options keeps the USD 1000 minimum protected.
request_193,39.98,affordable_with_plan,installments,2024-03-21:420.23|2024-04-21:420.23|2024-05-22:420.23,2024-04-15,none,Pay EUR 1212.20 today. This keeps the EUR 1000 minimum protected over the next 90 days.
request_194,31119.33,affordable_later,wait,2025-10-15:132800,2025-10-15,none,Pay INR 132800 today. This keeps the INR 113600 minimum protected over the next 90 days.
request_195,974.32,affordable_with_plan,installments,2026-01-09:405.74|2026-02-08:405.74|2026-03-10:405.74,2026-02-15,none,Pay EUR 1170.40 today. This keeps the EUR 700 minimum protected over the next 90 days.
request_196,762.30,affordable_now,full_payment,2024-06-03:762.30,2024-06-03,none,Pay EUR 762.30 today. This keeps the EUR 500 minimum protected over the next 90 days.
request_197,50939000,affordable_with_plan,installments,2025-11-19:17658853.33|2025-12-17:17658853.33|2026-01-14:17658853.33,2025-11-05,none,Pay IDR 50939000 today. This keeps the IDR 26245900 minimum protected over the next 90 days.
request_198,185800,affordable_now,full_payment,2026-07-07:185800,2026-07-07,none,Pay INR 185800 today. This keeps the INR 124300 minimum protected over the next 90 days.
request_199,23674000,affordable_with_plan,installments,2024-09-07:8206986.67|2024-10-08:8206986.67|2024-11-08:8206986.67,2024-09-04,none,Pay IDR 23674000 today. This keeps the IDR 25359500 minimum protected over the next 90 days.
request_200,21717000,affordable_now,full_payment,2025-02-06:21717000,2025-02-06,none,Pay IDR 21717000 today. This keeps the IDR 20114600 minimum protected over the next 90 days.
request_201,22428820.53,not_affordable,not_recommended,none,,none,Do not make this payment. None of the available options keeps the IDR 17304500 minimum protected.
request_202,123900,affordable_now,full_payment,2024-12-05:123900,2024-12-05,none,Pay INR 123900 today. This keeps the INR 147800 minimum protected over the next 90 days.
request_203,1016.43,not_affordable,not_recommended,none,,none,Do not make this payment. None of the available options keeps the EUR 1400 minimum protected.
request_204,543.48,affordable_later,wait,2026-01-15:588.74,2026-01-15,none,Pay EUR 588.74 today. This keeps the EUR 1300 minimum protected over the next 90 days.
request_205,10621000,affordable_now,full_payment,2024-03-06:10621000,2024-03-06,none,Pay IDR 10621000 today. This keeps the IDR 13994300 minimum protected over the next 90 days.
request_206,1404.70,affordable_with_plan,installments,2025-08-03:486.96|2025-08-31:486.96|2025-09-28:486.96,2025-08-03,none,Pay EUR 1404.70 today. This keeps the EUR 900 minimum protected over the next 90 days.
request_207,6039.71,affordable_later,wait,2026-07-15:11830,2026-07-15,none,Pay ZAR 11830 today. This keeps the ZAR 13600 minimum protected over the next 90 days.
request_208,3115237.02,affordable_later,wait,2024-06-15:4413000,2024-06-15,none,Pay IDR 4413000 today. This keeps the IDR 10470700 minimum protected over the next 90 days.
request_209,2281.51,not_affordable,not_recommended,none,,none,Do not make this payment. None of the available options keeps the ZAR 18400 minimum protected.
request_210,1023.16,affordable_with_plan,partial_payment,2026-04-06:1023.16|2026-04-15:336.86,2026-04-15,none,Pay USD 1360.02 today. This keeps the USD 2000 minimum protected over the next 90 days.
request_211,405.13,affordable_later,wait,2024-11-15:1788.60,2024-11-15,none,Pay EUR 1788.60 today. This keeps the EUR 1500 minimum protected over the next 90 days.
request_212,6575125.51,not_affordable,not_recommended,none,,none,Do not make this payment. None of the available options keeps the IDR 29579800 minimum protected.
request_213,2372.43,not_affordable,not_recommended,none,,none,Do not make this payment. None of the available options keeps the USD 2100 minimum protected.
request_214,54166.53,affordable_with_plan,partial_payment,2024-12-04:54166.53|2024-12-15:15583.47,2024-12-15,none,Pay INR 69750 today. This keeps the INR 174900 minimum protected over the next 90 days.
request_215,27956.73,not_affordable,not_recommended,none,,none,Do not make this payment. None of the available options keeps the ZAR 15700 minimum protected.
request_216,676.80,affordable_later,wait,2026-09-15:3332.40,2026-09-15,none,Pay USD 3332.40 today. This keeps the USD 1800 minimum protected over the next 90 days.
request_217,21946.01,affordable_with_plan,installments,2024-03-19:12889.07|2024-04-19:12889.07|2024-05-20:12889.07,2024-05-15,none,Pay ZAR 37180 today. This keeps the ZAR 26800 minimum protected over the next 90 days.
request_218,26682676.70,affordable_with_plan,installments,2025-08-07:21195893.33|2025-09-04:21195893.33|2025-10-02:21195893.33,2025-09-15,none,Pay IDR 61142000 today. This keeps the IDR 34477200 minimum protected over the next 90 days.
request_219,731.49,affordable_with_plan,installments,2026-04-07:580.01|2026-05-07:580.01|2026-06-06:580.01,2026-05-15,none,Pay EUR 1673.10 today. This keeps the EUR 1100 minimum protected over the next 90 days.
request_220,110.85,not_affordable,not_recommended,none,,none,Do not make this payment. None of the available options keeps the EUR 1100 minimum protected.
request_221,109800,affordable_now,full_payment,2025-11-03:109800,2025-11-03,none,Pay INR 109800 today. This keeps the INR 81500 minimum protected over the next 90 days.
request_222,34078,affordable_now,full_payment,2026-01-05:34078,2026-01-05,none,Pay ZAR 34078 today. This keeps the ZAR 27300 minimum protected over the next 90 days.
request_223,898.70,affordable_now,full_payment,2024-09-07:898.70,2024-09-07,none,Pay EUR 898.70 today. This keeps the EUR 800 minimum protected over the next 90 days.
request_224,9249340.52,affordable_with_plan,partial_payment,2025-02-04:9249340.52|2025-02-15:1077659.48,2025-02-15,none,Pay IDR 10327000 today. This keeps the IDR 22187600 minimum protected over the next 90 days.
request_225,10746053.93,affordable_with_plan,installments,2026-07-20:7647120|2026-08-19:7647120|2026-09-18:7647120,2026-09-15,none,Pay IDR 22059000 today. This keeps the IDR 17670700 minimum protected over the next 90 days.
request_226,157000,affordable_now,full_payment,2024-12-03:157000,2024-12-03,none,Pay INR 157000 today. This keeps the INR 209400 minimum protected over the next 90 days.
request_227,9689.76,not_affordable,not_recommended,none,,none,Do not make this payment. None of the available options keeps the INR 62900 minimum protected.
request_228,2143795.59,not_affordable,not_recommended,none,,none,Do not make this payment. None of the available options keeps the IDR 26191200 minimum protected.
request_229,466.84,affordable_with_plan,installments,2024-03-18:529.29|2024-04-18:529.29|2024-05-19:529.29,2024-05-15,none,Pay EUR 1526.80 today. This keeps the EUR 1000 minimum protected over the next 90 days.
request_230,3537.60,affordable_now,full_payment,2025-08-06:3537.60,2025-08-06,none,Pay EUR 3537.60 today. This keeps the EUR 2000 minimum protected over the next 90 days.
request_231,32404.11,not_affordable,not_recommended,none,,none,Do not make this payment. None of the available options keeps the ZAR 24300 minimum protected.
request_232,659.27,not_affordable,not_recommended,none,,none,Do not make this payment. None of the available options keeps the EUR 2400 minimum protected.
request_233,3974325.83,affordable_with_plan,partial_payment,2025-11-07:3974325.83|2025-12-15:2266674.17,2025-12-15,none,Pay IDR 6241000 today. This keeps the IDR 10365700 minimum protected over the next 90 days.
request_234,237.15,affordable_later,wait,2026-09-15:1213.30,2026-09-15,none,Pay EUR 1213.30 today. This keeps the EUR 700 minimum protected over the next 90 days.
request_235,967.20,affordable_now,full_payment,2024-09-06:967.20,2024-09-06,none,Pay USD 967.20 today. This keeps the USD 700 minimum protected over the next 90 days.
request_236,6514188.61,not_affordable,not_recommended,none,,none,Do not make this payment. None of the available options keeps the IDR 16768600 minimum protected.
request_237,21020791.65,affordable_with_plan,full_payment,2026-04-05:23826000,,reduce_to:event_21813:548720,Pay IDR 23826000 today with spending change reduce_to:event_21813:548720. This keeps the IDR 22431500 minimum protected.
request_238,663.60,affordable_with_plan,installments,2024-12-07:230.05|2025-01-07:230.05|2025-02-07:230.05,2024-12-07,none,Pay USD 663.60 today. This keeps the USD 700 minimum protected over the next 90 days.
request_239,642,affordable_now,full_payment,2025-05-04:642,2025-05-04,none,Pay USD 642 today. This keeps the USD 600 minimum protected over the next 90 days.
request_240,13166.61,not_affordable,not_recommended,none,,none,Do not make this payment. None of the available options keeps the INR 52800 minimum protected.
request_241,21052000,not_affordable,not_recommended,none,,none,Do not make this payment. None of the available options keeps the IDR 19252000 minimum protected.
request_242,0,not_affordable,not_recommended,none,,none,Do not make this payment. None of the available options keeps the EUR 600 minimum protected.
request_243,17468,affordable_now,full_payment,2026-07-07:17468,2026-07-07,none,Pay ZAR 17468 today. This keeps the ZAR 19900 minimum protected over the next 90 days.
request_244,49918,affordable_now,full_payment,2024-06-04:49918,2024-06-04,none,Pay ZAR 49918 today. This keeps the ZAR 45900 minimum protected over the next 90 days.
request_245,36555.71,affordable_later,wait,2026-01-15:128500,2026-01-15,none,Pay INR 128500 today. This keeps the INR 94600 minimum protected over the next 90 days.
request_246,64086,affordable_with_plan,installments,2026-04-03:22216.48|2026-05-03:22216.48|2026-06-02:22216.48,2026-04-03,none,Pay ZAR 64086 today. This keeps the ZAR 39300 minimum protected over the next 90 days.
request_247,1059.30,affordable_now,full_payment,2024-09-05:1059.30,2024-09-05,none,Pay EUR 1059.30 today. This keeps the EUR 1300 minimum protected over the next 90 days.
request_248,398.06,not_affordable,not_recommended,none,,none,Do not make this payment. None of the available options keeps the USD 1300 minimum protected.
request_249,163.11,affordable_later,wait,2026-03-15:643.20,2026-03-15,none,Pay USD 643.20 today. This keeps the USD 600 minimum protected over the next 90 days.
request_250,17489.24,not_affordable,not_recommended,none,,none,Do not make this payment. None of the available options keeps the ZAR 35300 minimum protected.
request_251,147.01,not_affordable,not_recommended,none,,none,Do not make this payment. None of the available options keeps the EUR 1300 minimum protected.
request_252,5261609.78,affordable_later,wait,2026-09-15:28082000,2026-09-15,none,Pay IDR 28082000 today. This keeps the IDR 15152200 minimum protected over the next 90 days.
request_253,1369.38,affordable_with_plan,installments,2024-03-21:984.60|2024-04-21:984.60|2024-05-22:984.60,2024-05-15,none,Pay EUR 2840.20 today. This keeps the EUR 2300 minimum protected over the next 90 days.
request_254,615.59,affordable_later,wait,2025-10-15:3535.20,2025-10-15,none,Pay USD 3535.20 today. This keeps the USD 2500 minimum protected over the next 90 days.
request_255,26586.56,not_affordable,not_recommended,none,,none,Do not make this payment. None of the available options keeps the IDR 9813900 minimum protected.
request_256,164057.33,not_affordable,not_recommended,none,,none,Do not make this payment. None of the available options keeps the INR 168600 minimum protected.
request_257,509.26,affordable_later,wait,2026-01-15:1352.40,2026-01-15,none,Pay USD 1352.40 today. This keeps the USD 1600 minimum protected over the next 90 days.
request_258,1113.60,affordable_now,full_payment,2026-01-07:1113.60,2026-01-07,none,Pay USD 1113.60 today. This keeps the USD 500 minimum protected over the next 90 days.
request_259,217.19,affordable_later,wait,2024-11-15:935,2024-11-15,none,Pay EUR 935 today. This keeps the EUR 600 minimum protected over the next 90 days.
request_260,7972671.33,not_affordable,not_recommended,none,,none,Do not make this payment. None of the available options keeps the IDR 20727700 minimum protected.
request_261,1830.40,affordable_now,full_payment,2026-07-03:1830.40,2026-07-03,none,Pay EUR 1830.40 today. This keeps the EUR 1500 minimum protected over the next 90 days.
request_262,9236000,affordable_now,full_payment,2024-12-05:9236000,2024-12-05,none,Pay IDR 9236000 today. This keeps the IDR 31018500 minimum protected over the next 90 days.
request_263,8422.45,not_affordable,not_recommended,none,,none,Do not make this payment. None of the available options keeps the ZAR 24100 minimum protected.
request_264,19860.86,affordable_later,wait,2026-06-15:111300,2026-06-15,none,Pay INR 111300 today. This keeps the INR 59500 minimum protected over the next 90 days.
request_265,0,not_affordable,not_recommended,none,,none,Do not make this payment. None of the available options keeps the INR 189700 minimum protected.
request_266,793,affordable_with_plan,installments,2025-08-03:324.13|2025-08-31:324.13|2025-09-28:324.13,2025-09-15,none,Pay EUR 935 today. This keeps the EUR 900 minimum protected over the next 90 days.
request_267,1667.62,affordable_with_plan,installments,2026-01-08:667.33|2026-02-07:667.33|2026-03-09:667.33,2026-02-15,none,Pay EUR 1925 today. This keeps the EUR 1500 minimum protected over the next 90 days.
request_268,1045,affordable_with_plan,installments,2024-06-14:841.22|2024-07-15:841.22|2024-08-15:841.22,2024-07-15,none,Pay EUR 2426.60 today. This keeps the EUR 1400 minimum protected over the next 90 days.
request_269,0,not_affordable,not_recommended,none,,none,Do not make this payment. None of the available options keeps the ZAR 23100 minimum protected.
request_270,270.63,not_affordable,not_recommended,none,,none,Do not make this payment. None of the available options keeps the USD 1400 minimum protected.
request_271,20300.69,affordable_later,wait,2024-11-15:91300,2024-11-15,none,Pay INR 91300 today. This keeps the INR 58200 minimum protected over the next 90 days.
request_272,5371180.85,affordable_with_plan,installments,2025-02-12:4709466.67|2025-03-12:4709466.67|2025-04-09:4709466.67,2025-03-15,none,Pay IDR 13585000 today. This keeps the IDR 7508600 minimum protected over the next 90 days.
request_273,10361026.54,affordable_with_plan,partial_payment,2026-04-07:10361026.54|2026-04-15:5499973.46,2026-04-15,none,Pay IDR 15861000 today. This keeps the IDR 18774600 minimum protected over the next 90 days.
request_274,2414.30,affordable_with_plan,installments,2024-12-04:940.75|2025-01-04:940.75|2025-02-04:940.75,2025-01-15,none,Pay EUR 2713.70 today. This keeps the EUR 1800 minimum protected over the next 90 days.
request_275,15884000,affordable_now,full_payment,2025-05-06:15884000,2025-05-06,none,Pay IDR 15884000 today. This keeps the IDR 12760100 minimum protected over the next 90 days.
